num_artists,num_playlists,streams,bpm,bpm_category,scale,danceability,valence,energy,acousticness,instrumentalness,liveness,speechiness,is_hyper_popular
1,9082,999748277,97,Low,Major,64,51,63,12,0,19,5,False
1,6646,991336132,72,Low,Minor,45,27,33,82,0,14,4,False
1,6330,988515741,170,High,Major,44,27,32,89,0,14,5,False
1,1007,98709329,152,Medium,Major,65,35,65,44,18,21,7,False
1,20333,983637508,112,Medium,Minor,56,24,66,7,0,12,3,False
1,367,97610446,145,Medium,Major,56,43,53,24,0,12,4,False
2,10565,972509632,121,Medium,Minor,67,26,64,52,0,17,10,False
1,7536,972164968,76,Low,Major,58,46,67,65,0,13,4,False
1,451,96273746,130,Medium,Minor,82,69,83,3,0,27,5,False
2,1169,96180277,119,Medium,Minor,60,10,57,1,0,50,3,False
1,782,96007391,90,Low,Minor,61,32,67,15,0,11,5,False
2,209,95816024,89,Low,Minor,73,44,57,39,0,32,6,False
2,7370,956865266,102,Low,Major,74,45,89,5,0,26,13,False
1,579,95623148,104,Low,Major,56,72,85,0,0,15,3,False
1,1096,95217315,130,Medium,Minor,85,22,62,12,0,28,9,False
1,5398,951637566,129,Medium,Major,61,59,46,56,0,13,5,False
1,804,95131998,172,High,Minor,74,76,76,6,0,10,9,False
1,13801,950906471,81,Low,Minor,68,51,60,3,0,19,10,False
1,324,95053634,122,Medium,Major,78,70,81,57,0,10,5,False
2,461,94616487,71,Low,Minor,59,70,74,56,0,11,40,False
3,727,94186466,90,Low,Minor,60,13,53,4,0,21,4,False
2,1042,94005786,150,Medium,Minor,73,71,69,53,0,32,9,False
1,7681,939844851,174,High,Major,47,27,78,11,0,10,8,False
2,454,93587665,83,Low,Major,53,40,36,73,0,11,33,False
2,387,93438910,140,Medium,Major,86,68,79,39,0,11,29,False
3,52898,933815613,116,Medium,Minor,79,87,81,4,0,10,4,False
1,1045,93367537,142,Medium,Minor,85,40,43,4,0,39,32,False
1,3859,929964809,117,Medium,Minor,73,31,69,6,0,11,4,False
1,11985,924193303,101,Low,Minor,76,63,71,3,0,10,3,False
1,7963,920797189,88,Low,Minor,74,55,85,1,0,5,22,False
2,327,92035115,104,Low,Minor,80,38,88,11,0,11,5,False
1,10431,920045682,172,High,Major,60,77,78,45,0,12,6,False
2,17115,918915401,80,Low,Minor,78,53,74,4,0,45,21,False
1,1057,91781263,83,Low,Minor,63,29,62,4,0,18,4,False
2,1178,91656026,110,Low,Major,75,85,84,10,0,31,19,False
1,953,91473363,144,Medium,Major,60,24,39,57,0,8,3,False
1,271,91221625,137,Medium,Major,77,35,88,16,0,17,9,False
1,4572,909001996,100,Low,Minor,80,29,67,29,0,12,3,False
3,1094,90839753,127,Medium,Minor,82,89,85,4,0,23,6,False
3,323,90598517,130,Medium,Minor,65,49,80,22,4,7,5,False
2,200,90025258,123,Medium,Minor,70,86,68,24,0,11,4,False
2,262,89933133,129,Medium,Major,70,42,43,78,0,11,3,False
2,7112,899183384,107,Low,Major,80,82,80,43,0,14,4,False
1,225,89566512,138,Medium,Minor,72,22,46,24,0,9,6,False
1,4375,888046992,122,Medium,Minor,67,50,67,15,0,30,4,False
1,356,88791109,121,Medium,Minor,64,67,80,0,0,36,3,False
1,17504,887906111,88,Low,Minor,79,66,65,5,0,25,14,False
1,6587,885093467,111,Medium,Major,87,53,52,66,1,11,5,False
1,8448,882831184,206,High,Major,43,50,55,50,0,15,10,False
3,1420,88103848,135,Medium,Major,41,27,64,36,0,60,3,False
1,906,88092256,76,Low,Major,60,19,20,78,0,11,5,False
1,4057,872137015,186,High,Minor,41,9,61,2,0,12,5,False
4,551,86773632,146,Medium,Minor,61,20,48,21,0,12,6,False
1,5728,865640097,90,Low,Major,75,19,46,21,4,34,8,False
3,332,86444842,140,Medium,Minor,65,87,74,22,0,42,4,False
4,12043,863756573,123,Medium,Major,82,80,86,1,0,30,13,False
1,2566,863625566,140,Medium,Minor,83,40,55,16,0,14,23,False
3,2291,86176890,123,Medium,Major,61,66,71,53,0,32,46,False
3,1601,85924992,157,Medium,Major,88,52,69,0,0,8,23,False
1,991,85559365,162,High,Minor,74,22,67,0,0,11,46,False
1,4873,851070493,133,Medium,Major,75,96,61,0,0,18,4,False
1,3069,850608354,169,High,Major,39,36,45,81,0,8,13,False
2,766,84697729,83,Low,Minor,65,24,53,6,0,51,4,False
3,6036,843957510,98,Low,Minor,71,17,61,36,0,8,5,False
2,31762,843309044,95,Low,Minor,92,31,89,3,0,8,25,False
1,13091,841749534,94,Low,Major,37,17,47,2,46,11,3,False
1,168,838586769,80,Low,Minor,39,24,43,39,0,23,3,False
1,4198,838079900,114,Medium,Minor,77,65,72,2,0,7,5,False
1,9408,834129063,133,Medium,Major,46,53,63,5,0,30,18,False
1,430,83021468,144,Medium,Major,68,83,81,9,0,8,4,False
1,10426,826623384,121,Medium,Minor,46,53,78,23,0,72,6,False
1,3006,824420218,180,High,Major,35,41,94,0,63,5,5,False
1,8186,822633917,169,High,Major,69,69,51,63,0,38,4,False
1,29499,822239726,123,Medium,Minor,91,49,61,3,0,17,22,False
1,1168,81419389,98,Low,Major,70,29,73,12,0,11,26,False
2,1064,81350745,120,Medium,Minor,84,54,51,47,0,12,40,False
1,7923,812019557,130,Medium,Minor,61,53,58,55,0,27,4,False
4,283,81102253,124,Medium,Minor,84,65,50,67,0,13,6,False
2,6821,809306935,90,Low,Minor,87,51,69,36,0,9,8,False
2,1479,80758350,78,Low,Major,71,80,65,51,0,22,32,False
1,12353,807561936,93,Low,Major,35,38,23,91,0,29,3,False
1,8429,807015863,140,Medium,Minor,45,25,84,21,0,13,6,False
1,21574,806397070,160,Medium,Major,54,54,55,67,0,42,11,False
1,7858,800840817,170,High,Major,55,58,72,11,0,11,15,False
1,4731,797402345,81,Low,Major,79,44,54,41,0,13,24,False
1,9833,797196073,103,Low,Minor,69,90,88,5,0,29,8,False
1,279,79095270,158,Medium,Minor,60,68,84,4,0,24,11,False
1,17852,789753877,147,Medium,Minor,51,62,79,22,13,14,3,False
1,7830,786181836,95,Low,Major,60,48,79,0,0,12,4,False
3,2849,78489819,140,Medium,Minor,81,6,84,5,23,6,6,False
1,3681,783706581,173,High,Major,40,19,29,86,0,34,4,False
1,250,78300654,130,Medium,Minor,79,96,86,9,0,9,9,False
1,7613,782369383,130,Medium,Major,92,78,62,18,0,6,10,False
2,398,78139948,80,Low,Minor,33,51,59,76,0,44,6,False
1,4204,777765388,120,Medium,Major,60,11,33,90,0,8,5,False
3,3423,775542072,170,High,Minor,64,14,70,9,0,9,8,False
2,407,77377503,134,Medium,Minor,67,11,76,8,47,30,7,False
1,246,77337771,127,Medium,Minor,60,40,89,9,0,60,6,False
1,266,77309611,158,Medium,Major,54,50,40,61,0,10,6,False
2,385,77233241,117,Medium,Minor,77,69,58,39,0,26,5,False
1,14994,769213520,140,Medium,Major,70,85,41,71,0,45,5,False
2,351,76910644,110,Low,Minor,76,26,70,1,0,41,6,False
3,2308,76831876,138,Medium,Minor,57,71,82,19,0,15,29,False
1,349,76767396,105,Low,Major,80,69,78,28,0,11,14,False
2,4890,759208783,93,Low,Major,74,59,87,3,0,8,5,False
2,6111,756907987,95,Low,Major,76,96,70,18,0,33,4,False
2,918,75476209,180,High,Minor,63,45,64,34,0,9,8,False
1,4511,751134527,94,Low,Minor,51,14,59,65,18,25,3,False
1,1014,74601456,86,Low,Minor,28,13,41,50,0,19,3,False
1,7461,743693613,115,Medium,Major,71,90,73,30,0,11,5,False
1,10326,741301563,119,Medium,Major,74,78,37,84,0,6,3,False
1,827,73981293,119,Medium,Minor,51,51,66,67,0,9,23,False
2,573,73513683,92,Low,Major,80,81,67,4,0,8,6,False
1,5669,726837877,93,Low,Minor,74,53,73,61,0,13,4,False
1,4427,726434358,202,High,Major,34,25,51,69,0,18,4,False
1,3202,726307468,170,High,Major,56,53,64,11,0,45,6,False
2,3090,725980112,148,Medium,Minor,67,83,76,48,0,8,3,False
1,9021,723894473,109,Low,Minor,84,72,74,10,0,34,7,False
1,6858,723043854,130,Medium,Major,57,24,37,11,18,16,3,False
2,5724,721975598,122,Medium,Minor,78,50,63,27,0,9,5,False
2,8087,720825549,102,Low,Major,89,77,82,3,0,17,11,False
3,3107,720434240,101,Low,Major,88,72,59,62,0,9,3,False
2,6809,716591492,94,Low,Minor,84,90,70,9,0,14,8,False
2,269,71573339,108,Low,Minor,84,55,47,26,0,20,64,False
1,2939,71423324,98,Low,Minor,76,79,81,18,0,6,34,False
2,486,71095708,114,Medium,Minor,62,25,44,51,33,14,3,False
1,254,71014967,145,Medium,Major,41,65,88,0,0,26,5,False
2,161,71007139,135,Medium,Minor,80,85,74,62,0,8,9,False
2,4188,705469769,114,Medium,Major,32,17,74,14,0,17,3,False
1,6080,704171068,105,Low,Minor,54,59,83,0,44,20,4,False
1,19806,703301727,149,Medium,Major,37,28,66,14,0,9,5,False
2,332,70106975,120,Medium,Major,78,5,30,21,0,13,5,False
1,242,70069745,128,Medium,Minor,82,61,59,30,0,12,4,False
1,8084,698086140,109,Low,Minor,66,16,57,10,1,12,3,False
1,8737,694525298,107,Low,Major,91,32,56,3,0,11,10,False
1,5140,690104769,105,Low,Major,72,33,51,48,0,9,3,False
2,1635,68895644,108,Low,Major,65,52,69,31,0,8,36,False
2,7731,686734357,101,Low,Major,66,18,68,9,0,12,4,False
1,547,68616963,106,Low,Major,67,24,78,15,0,30,4,False
1,4214,685071800,92,Low,Major,86,89,79,17,0,11,6,False
1,4875,685032533,136,Medium,Minor,62,19,53,11,0,6,4,False
1,6518,684675814,160,Medium,Major,71,40,50,16,0,16,22,False
1,5415,682475162,96,Low,Minor,87,82,53,10,0,5,8,False
1,34,68216992,92,Low,Minor,71,41,31,79,0,10,5,False
1,2335,681583126,132,Medium,Major,56,20,55,45,1,32,3,False
1,9243,677389855,114,Medium,Minor,59,30,62,1,0,8,4,False
1,989,67540165,90,Low,Major,53,47,74,9,0,34,4,False
2,19067,675039469,134,Medium,Major,93,61,74,9,0,17,8,False
2,12403,674772936,125,Medium,Minor,85,64,81,2,5,7,9,False
2,4637,674072710,98,Low,Minor,90,40,59,0,0,10,29,False
2,5375,673801126,176,High,Major,73,79,86,42,0,7,18,False
2,5073,672656250,129,Medium,Major,83,44,62,2,0,8,6,False
1,2590,671365962,122,Medium,Major,88,43,50,7,0,14,5,False
1,596,67070410,100,Low,Major,72,42,66,18,4,19,4,False
2,871,66902503,128,Medium,Major,78,59,65,10,0,26,5,False
1,3257,665765558,164,High,Minor,70,71,58,24,0,7,13,False
1,8879,663832097,202,High,Major,24,76,60,77,0,12,4,False
1,6457,657723613,96,Low,Major,86,74,80,33,0,8,6,False
1,1211,65719930,105,Low,Minor,73,59,81,13,0,9,6,False
2,9151,656013912,118,Medium,Minor,75,46,76,3,0,9,4,False
2,7615,655466831,130,Medium,Minor,80,64,76,2,0,20,6,False
1,290,65496046,105,Low,Minor,89,67,78,9,0,7,33,False
1,892,65362788,150,Medium,Major,43,42,44,57,0,15,6,False
2,3741,652704649,131,Medium,Major,77,84,71,35,0,15,4,False
2,4893,651732901,120,Medium,Major,72,67,72,0,0,13,4,False
3,1117,65156199,144,Medium,Major,77,75,58,52,0,23,25,False
2,1040,64787943,117,Medium,Major,92,62,86,11,0,24,24,False
2,847,64714573,140,Medium,Major,89,75,70,6,0,13,5,False
1,1776,646886885,140,Medium,Major,58,4,60,7,41,8,3,False
3,178,64533040,100,Low,Major,56,53,55,53,0,12,4,False
1,1184,63803529,122,Medium,Major,77,25,62,34,0,23,3,False
1,3246,635412045,132,Medium,Major,58,27,48,50,0,12,3,False
1,9577,629173063,162,High,Minor,67,88,54,51,0,9,4,False
1,2226,624515457,161,High,Minor,78,65,52,46,0,12,31,False
1,10826,624101957,103,Low,Major,37,17,27,75,5,10,3,False
1,4564,621660989,164,High,Major,45,24,62,8,0,16,3,False
1,819,62019074,160,Medium,Major,72,78,68,28,0,11,12,False
2,4284,618990393,180,High,Minor,72,61,63,67,0,9,28,False
2,5871,618885532,163,High,Major,54,40,67,0,0,9,17,False
1,1480,61739839,72,Low,Minor,56,56,47,76,0,8,36,False
2,3185,614555082,97,Low,Major,83,47,80,2,0,24,9,False
2,859,61245289,122,Medium,Minor,81,74,71,14,0,56,4,False
2,7495,611994237,120,Medium,Minor,56,16,67,0,0,11,4,False
2,1275,611700552,90,Low,Minor,59,52,48,38,5,10,11,False
2,875,61105704,120,Medium,Minor,80,33,70,22,0,9,4,False
3,3272,610045621,154,Medium,Major,66,63,69,21,0,11,7,False
2,5281,609293408,101,Low,Major,74,43,69,12,0,12,7,False
1,1801,608334048,125,Medium,Major,70,65,74,1,0,34,4,False
2,2482,608228647,114,Medium,Minor,80,42,68,2,0,66,4,False
1,7324,607123776,90,Low,Major,51,42,61,53,0,9,3,False
2,807,60680939,148,Medium,Major,68,29,73,0,0,7,7,False
2,4796,606361689,174,High,Major,70,57,64,23,0,8,32,False
2,359,60350538,110,Low,Minor,66,32,40,81,0,11,3,False
1,3430,601863821,95,Low,Major,87,57,55,10,0,29,7,False
2,2790,600976848,101,Low,Major,34,32,57,78,0,20,3,False
1,3947,599770206,94,Low,Major,57,36,58,5,0,15,3,False
2,3406,596152090,92,Low,Major,85,92,54,16,0,29,7,False
1,7842,595900742,115,Medium,Major,78,64,69,4,0,7,14,False
3,5199,594482982,146,Medium,Minor,85,22,37,13,0,7,30,False
2,5403,593917618,168,High,Major,67,29,47,5,0,22,26,False
1,5148,588955257,91,Low,Major,57,30,89,10,0,33,8,False
2,329,58890931,148,Medium,Major,50,49,76,12,0,12,3,False
2,1860,58687425,174,High,Major,73,26,54,30,0,34,32,False
2,3618,585695368,168,High,Minor,78,58,73,5,0,10,7,False
2,709,58473276,96,Low,Minor,48,50,80,40,0,37,20,False
1,4635,583687007,93,Low,Major,63,21,52,28,0,9,3,False
1,1795,582981380,180,High,Minor,59,69,61,84,0,46,36,False
1,2948,582863434,110,Low,Minor,51,48,82,0,0,5,3,False
1,422,58255150,150,Medium,Minor,78,52,82,18,0,15,7,False
1,714,58149378,100,Low,Major,67,26,71,37,0,11,4,False
2,641,58054811,129,Medium,Major,63,84,82,70,8,9,7,False
2,1134,57945987,93,Low,Major,79,58,62,11,0,11,23,False
3,18773,579395142,92,Low,Major,77,76,84,3,0,38,4,False
1,2259,57876440,130,Medium,Minor,67,96,88,12,19,8,4,False
2,3221,578207856,116,Medium,Major,75,36,76,12,0,10,10,False
2,4657,573633020,153,Medium,Minor,56,42,52,5,0,36,24,False
4,773,57312735,170,High,Minor,62,55,80,15,0,37,7,False
1,811,57144458,81,Low,Major,47,33,68,24,0,22,38,False
1,3045,571386359,166,High,Minor,40,23,48,5,0,12,3,False
2,896,57089066,126,Medium,Major,78,20,70,1,0,16,4,False
1,3372,570515054,122,Medium,Major,67,49,64,10,0,10,3,False
1,899,56870689,150,Medium,Major,79,77,46,5,0,11,7,False
2,6026,566954746,120,Medium,Minor,77,51,79,20,0,26,6,False
1,282,56533272,142,Medium,Major,49,48,67,10,0,26,3,False
1,6332,563902868,88,Low,Major,31,31,63,47,27,21,12,False
2,6308,560222750,134,Medium,Major,71,14,61,1,0,23,33,False
2,201,55842345,128,Medium,Minor,75,79,63,33,0,15,4,False
3,5491,556585270,83,Low,Major,46,34,64,31,0,7,34,False
1,3444,554875730,145,Medium,Major,57,23,66,4,6,15,4,False
2,2953,553634067,170,High,Minor,81,56,48,21,0,8,33,False
1,1963,551305895,90,Low,Major,80,71,69,2,0,27,10,False
2,620,54937991,115,Medium,Minor,90,74,54,16,0,13,28,False
1,1329,54682594,80,Low,Major,47,33,83,18,0,10,5,False
1,4673,546191065,92,Low,Minor,81,40,73,15,0,9,8,False
2,1004,54266102,130,Medium,Minor,77,84,89,17,0,43,5,False
5,182,54225632,110,Low,Minor,76,96,72,32,0,9,4,False
1,492,540654286,95,Low,Minor,84,52,77,12,0,7,4,False
3,2696,540539717,120,Medium,Major,58,44,60,44,9,5,6,False
1,330,53987404,93,Low,Major,78,75,62,6,0,15,6,False
2,4771,539595276,97,Low,Major,68,72,78,4,0,7,5,False
1,811,53933526,78,Low,Minor,27,10,49,62,0,49,5,False
1,181,53909146,118,Medium,Major,68,24,58,44,0,6,3,False
2,3794,538115192,123,Medium,Major,71,58,70,30,0,32,19,False
1,555,53729194,105,Low,Major,83,32,82,14,0,12,4,False
1,1929,53603447,92,Low,Minor,66,29,65,23,0,8,7,False
2,5129,532336353,96,Low,Major,54,25,74,14,0,9,11,False
3,6734,530511203,95,Low,Major,77,40,47,2,0,9,3,False
3,6556,528544703,172,High,Minor,74,79,66,11,0,8,16,False
1,660,52722996,106,Low,Major,73,22,86,31,0,12,4,False
1,2954,527033089,95,Low,Major,81,56,70,4,0,5,24,False
2,266,52294266,168,High,Major,56,63,87,39,0,11,5,False
1,516,52135248,123,Medium,Major,69,82,76,6,0,6,3,False
1,3788,520034544,148,Medium,Major,50,96,82,47,0,34,4,False
2,215,51985779,84,Low,Minor,43,14,74,1,0,19,8,False
2,3408,518745108,67,Low,Minor,53,50,53,23,0,44,7,False
1,4999,516784627,92,Low,Minor,91,79,66,32,0,9,16,False
1,680,51641685,116,Medium,Major,61,48,55,67,0,16,8,False
1,3506,513643924,178,High,Major,76,63,77,14,0,15,22,False
1,3047,510876816,123,Medium,Minor,75,93,86,8,0,14,3,False
3,675,50847624,178,High,Minor,62,56,66,18,0,12,5,False
1,910,50746620,89,Low,Major,65,60,60,11,0,10,40,False
1,3297,506778838,140,Medium,Major,79,56,91,26,0,13,21,False
2,2876,505671438,83,Low,Minor,57,56,72,23,0,27,5,False
1,3956,502574952,145,Medium,Major,84,88,53,35,0,8,7,False
1,2868,501541661,80,Low,Major,70,57,49,19,0,12,8,False
1,4049,500340342,184,High,Major,69,91,63,11,0,9,31,False
1,3436,499710590,124,Medium,Major,86,62,49,51,0,35,21,False
1,2742,498960285,120,Medium,Major,67,8,54,27,0,8,4,False
2,5730,497225336,145,Medium,Minor,59,20,74,1,0,15,5,False
1,2942,496795686,120,Medium,Minor,78,76,59,43,0,34,3,False
1,3766,496311364,180,High,Minor,35,23,61,23,0,19,6,False
1,714,49262961,128,Medium,Major,45,35,68,78,0,39,8,False
3,5481,489945871,136,Medium,Minor,80,33,60,0,0,32,14,False
1,3763,488386797,97,Low,Major,73,10,44,26,0,16,8,False
1,6596,485285717,160,Medium,Major,51,69,81,0,0,21,5,False
1,4169,482257456,140,Medium,Major,91,97,57,38,0,40,29,False
1,1524,482175240,110,Low,Major,82,67,69,0,0,18,4,False
1,14169,481697415,115,Medium,Major,60,23,57,0,2,27,3,False
1,3006,480507035,144,Medium,Minor,57,47,84,1,1,52,4,False
2,1796,479655659,196,High,Minor,66,58,79,23,0,22,20,False
1,67,47956378,90,Low,Minor,74,36,63,26,0,27,5,False
2,2598,477033549,92,Low,Minor,76,46,79,31,0,7,6,False
1,7655,476244795,151,Medium,Major,65,70,47,87,0,9,4,False
2,10585,473248298,143,Medium,Major,60,86,32,88,0,34,6,False
3,3301,471819764,102,Low,Minor,83,58,83,21,0,10,5,False
2,308,47093942,92,Low,Major,81,48,70,13,0,15,7,False
1,5443,467727006,89,Low,Minor,46,43,43,23,8,8,22,False
1,6339,466231982,105,Low,Minor,56,57,87,0,1,10,4,False
1,4431,466214729,88,Low,Major,53,55,73,9,0,3,5,False
1,2636,465959382,102,Low,Minor,77,26,63,58,0,11,5,False
3,995,463564958,136,Medium,Minor,77,79,73,15,0,27,10,False
2,7758,462791599,125,Medium,Minor,84,70,69,1,0,5,5,False
1,2229,461558540,78,Low,Major,56,61,90,36,0,18,31,False
2,4708,461437791,140,Medium,Minor,62,46,73,10,0,67,11,False
2,588,46142772,90,Low,Major,62,7,62,6,0,58,6,False
2,381,46065667,134,Medium,Major,76,61,58,6,0,16,3,False
4,10829,460492795,147,Medium,Major,33,39,61,32,0,77,3,False
1,2461,459276435,170,High,Minor,71,59,56,4,0,27,12,False
1,3995,457184829,150,Medium,Major,49,4,55,7,0,6,3,False
1,3282,449701773,110,Low,Major,59,22,38,42,0,12,3,False
1,2459,448843705,120,Medium,Major,71,57,97,1,0,13,11,False
1,4576,448500832,160,Medium,Minor,80,74,60,8,0,14,26,False
1,6512,446390129,134,Medium,Major,45,72,24,91,0,18,4,False
1,4013,445763624,107,Low,Major,81,82,78,38,0,12,4,False
1,8775,445590495,118,Medium,Major,56,25,45,1,3,7,3,False
1,370,43857627,98,Low,Major,68,40,79,33,0,30,6,False
3,2780,436695353,98,Low,Minor,73,60,85,17,0,24,5,False
2,961,436027885,138,Medium,Minor,78,89,83,10,0,12,5,False
2,185,43522589,98,Low,Minor,73,45,62,28,0,13,13,False
1,2612,433356509,140,Medium,Major,64,18,37,72,0,12,7,False
7,2785,432719968,206,High,Minor,58,83,45,36,0,11,8,False
1,6392,432702334,121,Medium,Major,75,53,74,2,0,11,5,False
1,1783,430977451,127,Medium,Minor,80,74,77,36,0,11,4,False
1,2420,429829812,204,High,Major,52,52,68,46,0,15,4,False
1,888,429504768,180,High,Major,51,87,58,36,0,18,4,False
1,4827,428685680,133,Medium,Major,95,91,89,6,0,31,24,False
4,6890,427486004,124,Medium,Minor,79,79,84,2,0,5,5,False
2,5342,426204830,141,Medium,Major,37,17,67,2,0,34,9,False
1,1493,42485571,170,High,Minor,37,14,24,80,0,11,4,False
3,4846,422691058,101,Low,Major,67,40,90,3,0,34,6,False
1,2499,421365166,92,Low,Major,45,27,67,32,0,13,14,False
1,2393,421135627,160,Medium,Major,31,30,88,7,0,8,8,False
3,4091,421040617,110,Low,Minor,72,67,68,0,0,14,4,False
1,733,41924466,94,Low,Minor,46,55,50,71,0,10,11,False
1,1112,417230415,93,Low,Minor,79,22,55,31,0,12,5,False
1,2585,415932686,105,Low,Minor,65,46,53,16,0,9,5,False
1,1959,412795151,81,Low,Major,45,12,57,7,0,23,3,False
1,1103,41210087,104,Low,Major,44,74,42,88,0,9,9,False
1,1507,411747614,120,Medium,Major,60,24,35,73,0,31,3,False
1,1959,408843328,145,Medium,Major,56,41,57,1,0,13,3,False
1,1788,405136812,139,Medium,Minor,48,37,41,32,0,10,10,False
1,924,404887295,173,High,Major,59,69,53,12,0,23,3,False
1,10114,404664135,92,Low,Major,53,84,77,40,0,32,3,False
1,3818,404562836,90,Low,Major,64,10,62,7,0,48,7,False
1,1685,403939487,95,Low,Major,75,74,58,36,0,9,3,False
1,1029,403231558,152,Medium,Major,84,74,69,21,0,18,6,False
1,685,403097450,158,Medium,Minor,60,52,76,17,0,19,5,False
3,2959,401036314,117,Medium,Minor,72,45,59,14,0,20,21,False
1,2839,399686758,143,Medium,Major,56,39,55,14,0,11,13,False
1,715,39893489,176,High,Minor,50,44,76,10,0,32,5,False
1,1154,397582059,134,Medium,Minor,81,18,64,3,0,10,11,False
2,267,39709092,130,Medium,Major,63,36,34,76,0,35,9,False
2,277,39666245,81,Low,Major,59,26,60,46,1,25,13,False
1,148,39578178,82,Low,Major,51,22,53,1,0,15,3,False
3,11940,395591396,96,Low,Major,23,19,25,91,0,40,3,False
1,7930,395591396,140,Medium,Major,67,81,36,64,0,15,3,False
1,2844,394030335,180,High,Minor,80,71,68,6,0,10,37,False
3,2780,393230256,90,Low,Minor,79,79,70,57,0,66,8,False
1,139,39228929,142,Medium,Major,50,20,64,1,0,12,3,False
1,2881,391251368,135,Medium,Minor,70,60,58,4,0,16,3,False
2,58,39058561,116,Medium,Major,77,79,62,33,1,15,3,False
1,11500,389771964,139,Medium,Major,36,22,15,84,0,11,4,False
1,3528,387570742,130,Medium,Minor,51,32,43,83,0,9,3,False
1,2668,387080183,130,Medium,Major,47,56,90,0,0,10,4,False
1,31,38411956,88,Low,Minor,53,34,47,9,0,83,4,False
2,5115,383835984,122,Medium,Major,85,42,80,6,0,17,14,False
3,4963,383550148,82,Low,Major,63,85,62,6,0,35,4,False
1,2224,382199619,78,Low,Major,36,30,54,34,0,14,5,False
1,1985,381161027,92,Low,Minor,75,55,76,25,0,10,15,False
2,3645,380726517,132,Medium,Minor,87,82,70,42,0,21,5,False
1,2468,380319238,102,Low,Minor,64,4,60,11,0,19,4,False
1,1545,37778188,78,Low,Major,43,60,38,76,1,48,38,False
1,4651,376333030,118,Medium,Major,80,21,55,1,0,26,17,False
2,4640,374706940,136,Medium,Minor,77,82,30,95,0,13,5,False
2,1678,374191487,96,Low,Minor,66,76,82,47,0,10,32,False
1,3506,373199958,198,High,Minor,59,71,42,55,0,10,7,False
1,715,37307967,118,Medium,Major,44,52,94,11,0,4,29,False
1,3909,372476382,100,Low,Minor,59,49,65,2,0,13,3,False
3,259,37126685,135,Medium,Minor,77,28,55,18,0,22,15,False
1,1194,37091576,118,Medium,Minor,66,83,43,84,0,19,19,False
1,43899,3703895074,171,High,Major,50,38,80,0,0,9,7,True
1,1930,370068639,82,Low,Major,47,44,76,8,91,9,3,False
1,99,36912123,121,Medium,Major,65,49,78,0,0,17,4,False
1,9514,368646862,106,Low,Major,44,8,20,74,42,11,3,False
1,2128,367814306,120,Medium,Major,73,64,85,25,0,61,3,False
2,849,367316268,157,Medium,Major,54,75,60,30,0,7,5,False
3,292,366599607,94,Low,Major,58,44,57,57,0,10,3,False
1,3218,366214458,114,Medium,Major,51,39,29,90,0,10,4,False
1,892,363472647,100,Low,Minor,59,78,94,27,0,29,23,False
1,3098,363467642,122,Medium,Major,77,51,79,5,0,16,5,False
1,596,363369738,120,Medium,Major,63,36,73,0,0,36,4,False
1,1769,362361576,105,Low,Minor,76,49,56,80,12,10,13,False
2,4053,357925728,95,Low,Minor,77,53,64,74,0,17,14,False
1,1561,357580552,175,High,Minor,59,15,64,43,90,12,10,False
1,4094,356709897,107,Low,Minor,54,41,39,51,0,11,16,False
1,32181,3562543890,96,Low,Minor,83,93,65,58,0,9,8,True
2,2012,355219175,105,Low,Major,76,58,84,10,0,13,10,False
1,9724,354614964,115,Medium,Minor,70,87,88,4,0,26,8,False
2,692,354495408,144,Medium,Minor,56,84,65,23,0,10,6,False
3,3643,354065229,110,Low,Minor,86,31,53,43,0,11,6,False
1,1087,351636786,101,Low,Minor,72,91,87,14,0,13,3,False
1,2619,350381515,130,Medium,Major,63,49,73,5,0,9,3,False
2,2697,349746291,90,Low,Major,81,59,83,9,0,11,5,False
3,2235,349585590,109,Low,Major,60,45,47,62,0,31,5,False
1,2537,348647203,120,Medium,Major,69,40,39,41,0,13,6,False
1,2005,346127840,129,Medium,Major,42,33,44,62,0,8,6,False
1,1150,345903614,120,Medium,Major,81,92,90,9,0,8,7,False
1,2321,345031710,96,Low,Minor,74,61,83,11,0,35,6,False
2,105,34502215,145,Medium,Minor,54,19,48,36,0,37,5,False
1,203,34450974,148,Medium,Major,53,61,81,5,0,36,4,False
2,1195,344055883,103,Low,Minor,80,45,62,76,0,10,38,False
1,2711,343197054,160,Medium,Minor,61,65,64,1,0,12,4,False
1,2346,342897938,139,Medium,Major,74,68,68,3,0,26,4,False
1,2551,342779426,73,Low,Major,83,11,41,0,0,36,14,False
1,3711,339659802,93,Low,Minor,65,82,74,27,0,32,5,False
1,2226,339473453,126,Medium,Minor,67,37,46,13,0,10,39,False
1,3009,338564981,141,Medium,Minor,41,9,25,84,1,14,4,False
1,892,338422004,130,Medium,Major,82,50,67,12,0,13,5,False
2,2610,335222234,100,Low,Major,86,67,66,14,0,12,16,False
1,4096,335074782,105,Low,Major,95,62,52,3,0,5,16,False
1,4449,334733572,107,Low,Major,72,36,72,26,6,11,4,False
2,1890,33381454,140,Medium,Minor,49,50,37,87,0,11,35,False
4,3559,333146475,170,High,Minor,80,77,85,11,0,17,14,False
1,2616,332506354,142,Medium,Minor,64,31,72,15,0,9,5,False
1,1452,331511413,126,Medium,Major,63,56,43,24,0,12,23,False
1,736,330881149,77,Low,Major,72,70,82,2,0,4,17,False
1,457,330346424,92,Low,Major,81,39,60,31,0,7,3,False
1,2699,328207708,164,High,Major,70,39,56,6,0,9,7,False
5,197,32761689,101,Low,Major,92,59,51,41,51,26,8,False
3,272,327498031,95,Low,Minor,84,49,72,8,0,15,8,False
1,4440,326792833,122,Medium,Major,70,91,79,3,0,7,10,False
2,4942,325592432,120,Medium,Major,70,70,79,7,0,18,10,False
1,166,32526947,125,Medium,Major,53,32,66,38,0,9,3,False
2,782,323455692,113,Medium,Major,70,97,59,55,0,27,12,False
2,2415,323437194,110,Low,Major,66,19,32,69,0,12,4,False
3,889,323358833,115,Medium,Major,71,34,88,16,0,44,4,False
2,3328,322336177,93,Low,Minor,63,34,86,26,0,21,39,False
1,866,319757142,140,Medium,Major,59,73,45,44,0,34,3,False
1,768,31959571,108,Low,Minor,46,23,48,75,30,14,4,False
1,288,319566866,96,Low,Minor,70,40,51,35,0,10,4,False
2,1681,319546754,108,Low,Major,78,55,60,59,0,7,4,False
1,86,31873544,128,Medium,Minor,81,90,77,1,0,9,5,False
1,2304,317726339,108,Low,Major,64,4,40,6,0,10,6,False
1,509,317622165,139,Medium,Major,44,18,38,70,0,12,4,False
1,1179,313113297,142,Medium,Major,87,93,59,28,0,17,5,False
1,1188,312622938,94,Low,Minor,76,81,80,20,0,25,4,False
1,3291,311482393,139,Medium,Major,58,30,46,14,0,9,3,False
3,3517,311395144,78,Low,Minor,77,49,42,1,1,13,19,False
1,3469,309653982,120,Medium,Minor,82,55,45,15,3,9,10,False
2,2460,309483971,94,Low,Minor,74,64,73,6,0,10,6,False
2,1367,307752576,110,Low,Major,80,26,85,23,0,11,21,False
2,592,307370144,98,Low,Major,70,37,54,6,0,9,8,False
1,753,305771063,118,Medium,Minor,70,54,71,0,0,33,4,False
1,1443,305650299,85,Low,Major,71,43,65,23,0,9,5,False
1,873,30546883,78,Low,Major,44,14,9,96,0,10,3,False
2,2651,304118600,94,Low,Major,89,61,66,17,0,36,16,False
2,3006,304079786,107,Low,Major,87,20,83,0,4,31,9,False
1,86,30343206,146,Medium,Minor,50,67,89,0,0,19,8,False
1,3133,303236322,144,Medium,Minor,65,23,80,14,63,11,6,False
1,629,303216294,94,Low,Major,73,65,79,5,2,11,6,False
1,829,302006641,172,High,Major,56,68,89,4,0,33,19,False
1,5542,301242089,140,Medium,Minor,81,39,66,38,0,12,14,False
1,761,301051721,105,Low,Minor,88,82,80,8,0,11,8,False
2,4531,300983101,127,Medium,Major,77,53,78,19,0,29,4,False
1,695,299648208,189,High,Major,55,86,44,40,0,7,4,False
2,3501,299634472,124,Medium,Major,81,68,63,17,0,10,22,False
1,2301,298063749,146,Medium,Minor,74,51,45,86,0,21,38,False
1,3311,297328960,177,High,Major,25,17,30,90,0,13,3,False
3,6290,295998468,113,Medium,Major,73,72,32,77,0,15,5,False
1,77,29562220,134,Medium,Minor,81,53,72,51,0,12,5,False
2,3879,295307001,120,Medium,Minor,91,63,77,12,1,10,5,False
2,685,295152154,136,Medium,Major,77,71,75,33,1,13,4,False
2,2418,294352144,115,Medium,Minor,95,43,69,47,0,9,31,False
1,4526,293466523,88,Low,Minor,80,55,56,13,0,8,9,False
1,3242,293186992,148,Medium,Major,51,27,33,48,0,22,3,False
2,971,291709698,124,Medium,Minor,73,68,83,55,0,90,7,False
1,2775,290833204,146,Medium,Major,69,63,45,48,0,18,4,False
1,1211,290228626,79,Low,Major,63,76,67,38,0,6,4,False
1,17836,2887241814,110,Low,Major,50,45,41,75,0,11,3,True
2,536,288101651,149,Medium,Major,66,85,60,40,0,14,13,False
2,527,287278853,99,Low,Minor,79,64,59,28,0,11,14,False
1,1950,287201015,78,Low,Major,40,7,29,62,0,9,3,False
3,5290,286739476,123,Medium,Minor,60,46,71,3,0,16,4,False
1,24529,2864791672,98,Low,Minor,82,54,59,69,0,18,10,True
3,2110,286400165,88,Low,Minor,68,17,71,15,0,11,5,False
1,2536,284908316,100,Low,Major,36,28,28,81,0,18,3,False
1,9389,284819874,150,Medium,Major,42,20,86,21,0,9,9,False
1,2163,284785823,82,Low,Major,40,39,64,21,0,7,7,False
2,349,284249832,92,Low,Minor,71,67,60,7,0,6,4,False
2,4967,284216603,126,Medium,Major,67,49,77,11,0,19,11,False
1,829,283359161,121,Medium,Minor,86,67,65,42,0,35,7,False
1,1004,283332261,188,High,Minor,50,41,50,69,0,12,6,False
1,3618,282883169,80,Low,Minor,56,19,46,92,72,11,3,False
2,24094,2808096550,90,Low,Major,76,91,50,54,0,7,5,True
1,1112,279737940,105,Low,Major,81,77,79,19,0,47,8,False
5,2341,279717388,110,Low,Major,91,59,82,8,0,6,8,False
1,1647,278920007,164,High,Minor,70,58,57,25,0,15,7,False
1,2537,277132266,100,Low,Major,90,75,50,11,0,9,26,False
3,1682,276259178,119,Medium,Minor,75,48,53,18,0,18,34,False
2,763,2762,162,High,Major,49,78,64,19,0,11,4,False
1,1494,273914335,122,Medium,Major,70,46,76,30,0,9,45,False
1,2302,273194684,142,Medium,Major,56,40,54,72,0,10,4,False
3,2995,273005485,98,Low,Minor,83,63,74,14,0,16,6,False
1,1911,272377463,145,Medium,Minor,70,34,55,43,0,16,6,False
2,2942,271666301,125,Medium,Major,50,39,78,4,0,11,33,False
3,43257,2713922350,104,Low,Major,77,36,63,1,0,36,5,True
1,993,267789608,130,Medium,Major,74,79,87,45,0,30,3,False
1,1756,267758538,180,High,Major,65,37,58,2,0,4,31,False
2,2127,266624541,178,High,Minor,79,58,78,34,0,11,25,False
2,17050,2665343922,170,High,Major,59,48,76,4,0,10,5,True
1,794,265882712,150,Medium,Major,34,24,56,4,0,11,3,False
1,767,265548837,125,Medium,Major,68,80,92,10,0,9,12,False
1,799,264717480,105,Low,Minor,81,70,65,24,0,8,4,False
2,772,263894529,158,Medium,Minor,46,62,83,53,0,97,28,False
1,1473,263779030,138,Medium,Major,69,35,57,12,0,10,9,False
2,1254,263453310,158,Medium,Major,65,72,95,31,0,92,5,False
1,795,263280370,120,Medium,Minor,81,72,65,4,0,14,4,False
2,1057,261414174,84,Low,Major,67,78,63,29,0,12,5,False
2,2999,261286503,108,Low,Minor,96,71,42,57,0,8,9,False
1,6952,261116938,147,Medium,Major,67,69,72,17,0,19,3,False
1,18986,2594040133,125,Medium,Minor,77,74,78,4,0,23,11,True
2,28032,2591224264,95,Low,Major,75,64,52,41,0,11,3,True
1,2026,258714692,85,Low,Minor,74,61,52,30,0,26,9,False
2,580,258316038,122,Medium,Minor,80,62,69,28,0,13,7,False
2,29536,2565529693,186,High,Major,68,49,59,16,0,13,28,True
1,2649,256483385,137,Medium,Minor,64,88,72,51,0,17,5,False
1,16596,2559529074,95,Low,Major,60,17,45,16,0,11,2,True
1,539,255932395,140,Medium,Minor,74,96,80,18,0,5,5,False
1,22543,2557975762,81,Low,Major,76,53,53,44,0,9,9,True
1,2092,255120451,147,Medium,Major,60,58,69,2,0,58,4,False
1,2350,254218729,125,Medium,Major,88,28,66,6,0,13,31,False
1,1948,253650850,80,Low,Minor,80,16,28,17,0,12,39,False
2,3541,252871192,172,High,Minor,31,4,86,1,0,28,17,False
1,23575,2513188493,174,High,Minor,52,66,73,34,0,31,6,True
2,1962,250305248,150,Medium,Major,68,14,76,4,0,10,4,False
2,214,24975653,143,Medium,Major,83,25,69,4,0,23,12,False
2,1401,248511839,128,Medium,Minor,82,42,75,6,0,63,6,False
2,15010,2484812918,117,Medium,Minor,76,77,52,4,0,8,3,True
2,893,248088961,120,Medium,Minor,84,96,71,18,0,34,17,False
1,521,247737946,120,Medium,Major,83,59,73,6,0,5,11,False
1,3682,247689123,156,Medium,Major,72,92,77,9,0,8,11,False
1,1703,246390068,148,Medium,Major,47,15,52,38,13,29,5,False
1,590,246376690,130,Medium,Minor,51,50,76,30,0,10,7,False
1,897,246127838,115,Medium,Minor,85,72,58,9,0,49,12,False
7,1034,245400167,174,High,Minor,67,74,75,44,0,7,30,False
1,8612,245350949,152,Medium,Minor,69,94,71,79,0,7,8,False
1,2979,245095641,144,Medium,Major,74,39,65,5,1,11,35,False
1,1189,244928911,120,Medium,Major,90,73,51,39,0,9,6,False
1,407,244891912,92,Low,Major,58,27,36,86,0,9,3,False
1,5898,244790012,128,Medium,Major,58,68,91,2,0,27,11,False
1,2050,244741137,81,Low,Major,38,20,66,9,0,9,8,False
1,1640,244658767,150,Medium,Minor,90,64,14,67,35,11,10,False
2,5153,244585109,137,Medium,Major,74,71,89,24,61,15,5,False
1,9122,242767149,126,Medium,Major,34,35,76,39,0,8,5,False
1,15722,2420461338,99,Low,Major,40,45,56,69,0,9,5,True
3,2442,240918092,132,Medium,Major,82,49,88,20,0,21,3,False
1,4310,240769997,115,Medium,Major,60,37,71,8,0,48,4,False
3,648,240684449,133,Medium,Minor,82,52,61,38,0,14,27,False
1,1105,240661097,174,High,Major,58,56,83,5,0,7,4,False
2,343,240580042,150,Medium,Major,53,14,43,64,0,13,3,False
1,2520,239411309,102,Low,Minor,67,72,74,30,0,36,4,False
1,2528,238350348,148,Medium,Major,51,21,63,5,0,41,3,False
3,4627,237351106,101,Low,Minor,78,40,74,36,0,17,27,False
4,759,236940480,170,High,Minor,70,61,44,40,0,37,4,False
2,2605,236872197,98,Low,Minor,68,33,43,38,0,36,14,False
2,660,236857112,98,Low,Major,73,88,57,56,0,5,2,False
1,2094,236060709,165,High,Major,72,90,48,32,0,18,23,False
2,15032,2355719893,115,Medium,Minor,35,12,30,93,0,10,3,True
1,452,235549288,132,Medium,Major,92,53,62,7,0,63,10,False
2,894,233801632,160,Medium,Major,69,61,71,33,0,31,20,False
1,1933,233671263,118,Medium,Major,56,20,54,67,0,6,5,False
1,839,232896922,124,Medium,Minor,84,64,39,3,0,11,4,False
1,21915,2322580122,95,Low,Major,55,56,82,12,0,34,5,True
1,1492,231996128,80,Low,Major,76,92,62,6,0,8,13,False
1,2265,231657891,121,Medium,Major,64,80,88,0,0,12,6,False
3,1267,231332117,93,Low,Minor,84,96,79,43,0,18,11,False
1,27119,2303033973,124,Medium,Minor,79,68,79,1,0,10,8,True
1,629,229497852,104,Low,Major,86,43,62,5,0,13,14,False
1,1856,229473310,124,Medium,Major,95,36,37,35,0,10,28,False
1,14749,2288695111,84,Low,Minor,44,22,48,38,0,33,24,True
1,16413,2282771485,124,Medium,Major,61,41,81,5,2,10,3,True
1,33032,2280566092,79,Low,Major,78,58,45,47,0,18,3,True
1,2499,227918678,82,Low,Major,70,31,34,60,1,11,4,False
2,3270,226897599,125,Medium,Major,69,70,89,4,0,49,3,False
1,864,22581161,126,Medium,Minor,74,35,84,0,0,11,6,False
1,2795,225259194,170,High,Major,65,46,47,12,0,13,16,False
1,1585,225093344,130,Medium,Major,52,24,60,0,0,8,3,False
1,18778,2236667932,108,Low,Major,61,20,38,61,0,10,5,True
2,2114,223633238,124,Medium,Minor,78,70,68,3,1,11,4,False
5,1845,223582566,95,Low,Major,77,72,87,17,0,7,5,False
8,1560,223319934,84,Low,Minor,56,61,76,10,0,14,11,False
1,1608,223064273,109,Low,Major,75,11,50,20,0,30,17,False
2,1473,222612678,154,Medium,Major,64,61,91,15,0,72,4,False
1,2019,222410722,93,Low,Minor,65,79,66,31,0,22,7,False
1,2402,221752937,102,Low,Major,73,62,75,0,0,34,8,False
2,1701,221409663,113,Medium,Minor,79,66,74,8,0,11,5,False
2,23375,2204080728,103,Low,Minor,61,47,65,3,0,17,4,True
1,40112,2197010679,71,Low,Minor,41,23,40,27,0,30,5,True
3,1456,219196651,120,Medium,Major,77,94,87,2,0,23,12,False
1,1936,218320587,126,Medium,Major,66,12,35,55,0,9,14,False
1,1240,217672943,120,Medium,Major,91,63,58,52,0,31,22,False
2,16636,2159346687,96,Low,Major,57,30,40,38,0,26,3,True
1,23804,2135158446,129,Medium,Minor,57,41,66,63,0,12,5,True
1,571,213505179,97,Low,Major,80,36,86,4,0,3,5,False
2,1612,213438580,140,Medium,Minor,58,17,62,18,0,20,8,False
1,19664,2132335812,120,Medium,Major,70,59,75,24,0,9,4,True
1,1209,212351890,118,Medium,Major,63,60,70,5,0,9,31,False
1,22730,2123309722,100,Low,Major,61,53,38,84,0,28,44,True
1,651,212234990,120,Medium,Major,58,71,80,15,0,7,41,False
2,802,212109195,130,Medium,Major,91,91,96,3,0,3,9,False
1,461,211372494,138,Medium,Minor,74,65,67,46,0,36,4,False
2,5120,211050784,143,Medium,Major,64,31,87,4,4,8,4,False
1,574,210038833,102,Low,Major,58,29,94,0,0,9,11,False
2,1517,209768491,92,Low,Minor,73,37,74,28,0,14,6,False
2,1097,209106362,118,Medium,Minor,82,75,85,33,1,11,4,False
1,27221,2086124197,120,Medium,Major,42,33,26,92,0,13,3,True
2,911,208166039,135,Medium,Minor,78,55,57,4,0,10,8,False
3,1638,207033255,130,Medium,Minor,69,36,90,1,10,15,4,False
1,1020,206399629,80,Low,Major,52,57,48,86,0,15,39,False
1,2578,203680270,80,Low,Minor,39,45,55,73,0,9,21,False
1,481,203436468,125,Medium,Major,54,22,76,0,0,14,3,False
1,968,203221468,140,Medium,Major,53,51,70,49,0,14,3,False
1,200,202677468,72,Low,Major,64,76,44,70,9,12,4,False
1,1613,202452860,79,Low,Major,34,22,31,43,63,10,7,False
1,2988,201660859,150,Medium,Minor,55,30,78,24,0,12,8,False
1,29215,2011464183,122,Medium,Minor,66,48,71,6,0,12,4,True
2,755,200972675,94,Low,Major,52,68,69,13,0,33,8,False
1,31123,2009094673,102,Low,Major,48,50,73,43,0,15,4,True
1,2800,200660871,143,Medium,Major,53,50,79,0,0,8,3,False
2,1313,200647221,133,Medium,Minor,85,81,67,26,0,12,5,False
1,1986,199587884,183,High,Major,65,88,72,36,14,20,3,False
1,688,199386237,75,Low,Minor,80,46,62,3,6,11,46,False
1,731,198883004,106,Low,Major,86,86,79,11,0,8,9,False
2,1652,198365537,130,Medium,Major,77,20,70,1,0,16,5,False
2,406,198275403,139,Medium,Minor,70,77,48,37,0,12,5,False
2,625,197643795,98,Low,Major,78,83,75,41,0,27,8,False
1,50887,1970673297,124,Medium,Major,53,66,78,0,0,16,5,True
1,5328,195918494,151,Medium,Major,73,88,67,20,0,32,5,False
1,5263,195628667,125,Medium,Minor,51,5,68,12,2,15,6,False
1,2915,195576623,107,Low,Major,78,39,53,30,0,11,6,False
3,1602,195516622,88,Low,Minor,49,24,66,19,0,18,29,False
3,6074,1953533826,146,Medium,Major,63,88,93,3,0,10,8,True
2,2129,194902696,84,Low,Minor,71,39,86,2,0,51,25,False
1,25744,1947371785,136,Medium,Minor,36,12,57,9,0,14,8,True
1,2939,193443895,150,Medium,Minor,65,11,58,0,0,12,9,False
1,33206,1929770265,150,Medium,Minor,91,42,60,0,0,9,12,True
1,489,191945597,170,High,Minor,78,75,46,62,0,12,35,False
3,1112,191873381,135,Medium,Major,77,74,74,47,0,34,8,False
1,2814,191448892,137,Medium,Minor,88,8,49,9,0,9,14,False
3,1930,191333656,122,Medium,Minor,75,45,63,6,0,35,12,False
1,1185,190981339,143,Medium,Major,68,41,55,16,0,10,12,False
3,3983,190625045,100,Low,Minor,82,76,70,16,0,8,5,False
1,816,190490915,121,Medium,Minor,94,71,61,12,0,53,42,False
2,27705,1897517891,124,Medium,Minor,79,59,86,4,0,8,11,True
1,615,189476119,120,Medium,Minor,77,78,91,14,0,33,12,False
1,2171,189236868,106,Low,Minor,83,90,64,35,5,9,4,False
2,672,188933502,150,Medium,Major,61,39,73,37,0,11,3,False
1,15563,1887039593,166,High,Minor,56,68,66,28,0,11,18,True
3,540,187772591,115,Medium,Minor,78,63,64,1,0,7,4,False
1,1900,187703102,114,Medium,Minor,71,90,81,31,2,13,3,False
3,648,187701588,161,High,Minor,59,62,60,12,0,5,44,False
1,1597,187339835,110,Low,Major,48,15,31,80,22,12,4,False
1,1747,186104310,177,High,Major,34,39,16,97,0,12,5,False
1,12685,1858144199,144,Medium,Major,59,21,43,76,0,10,7,True
1,1301,185550869,154,Medium,Major,54,45,79,1,0,17,5,False
1,975,185408548,160,Medium,Major,60,47,62,3,0,38,4,False
1,1473,185392587,180,High,Minor,65,52,80,5,0,6,25,False
1,1282,185240616,96,Low,Major,72,40,47,71,0,13,4,False
1,625,185236961,103,Low,Major,61,38,62,14,0,23,40,False
3,1150,184937148,141,Medium,Major,59,56,63,12,0,6,36,False
1,801,184826429,138,Medium,Major,70,31,44,84,0,9,39,False
1,220,184807630,130,Medium,Major,49,14,40,82,0,11,3,False
1,2264,184706613,150,Medium,Major,37,27,56,8,0,13,3,False
2,1308,184622518,174,High,Major,68,45,71,18,0,11,25,False
2,1368,184308753,108,Low,Minor,44,38,77,9,0,9,20,False
1,26694,1840364617,180,High,Major,33,38,71,20,0,28,5,True
2,2186,183706234,141,Medium,Major,92,66,58,19,0,8,24,False
1,246,183273246,90,Low,Minor,68,54,76,21,0,11,20,False
1,32502,1829992958,171,High,Major,70,6,73,1,0,36,26,True
1,328,182978249,85,Low,Major,72,55,64,49,0,7,4,False
1,713,181831132,85,Low,Minor,65,36,47,31,0,12,10,False
2,13315,1814349763,150,Medium,Minor,74,89,70,2,0,5,6,True
1,1274,181382590,96,Low,Major,57,55,74,22,0,8,4,False
1,18371,1813673666,123,Medium,Minor,45,13,54,70,0,9,4,True
1,1800,181328253,140,Medium,Minor,51,66,53,60,0,11,18,False
1,51979,1806617704,148,Medium,Major,35,24,93,0,0,10,8,True
2,2577,180577478,93,Low,Major,63,93,88,1,0,12,4,False
2,15894,1802514301,103,Low,Minor,70,92,83,1,0,7,6,True
1,213,179659294,130,Medium,Major,51,18,44,76,0,11,3,False
1,21164,1791000570,100,Low,Minor,70,47,52,30,0,6,33,True
1,1379,179061440,172,High,Minor,74,46,58,15,0,13,8,False
1,33783,1788326445,85,Low,Major,55,42,53,17,0,22,3,True
1,4326,178660459,175,High,Major,51,94,34,73,0,10,5,False
3,859,178512385,82,Low,Major,79,48,84,13,0,21,23,False
3,4277,177740666,128,Medium,Major,60,23,91,0,0,12,3,False
1,1715,177503916,158,Medium,Major,48,55,84,43,0,15,12,False
3,903,177129919,90,Low,Minor,63,75,75,17,0,11,8,False
1,584,176553476,125,Medium,Minor,79,96,85,27,0,11,6,False
1,1639,176474912,123,Medium,Major,57,50,85,5,0,16,4,False
2,11215,1763363713,110,Low,Minor,73,14,57,40,0,11,5,True
4,870,176290831,135,Medium,Minor,93,77,45,25,0,13,27,False
3,894,176103902,130,Medium,Major,95,83,57,54,0,10,25,False
1,9974,1759567999,91,Low,Major,77,60,32,84,0,8,5,True
1,31358,1755214421,173,High,Major,43,28,66,0,0,23,3,True
1,888,175399345,176,High,Minor,72,96,63,25,0,21,7,False
1,2066,175097833,142,Medium,Minor,82,54,44,6,0,33,7,False
3,852,174006928,87,Low,Major,87,52,52,31,0,28,24,False
1,3486,173702135,96,Low,Minor,85,41,43,39,0,12,21,False
1,373,173627354,120,Medium,Major,62,32,76,0,0,39,4,False
1,12329,1735441776,179,High,Minor,61,76,51,30,0,38,15,True
1,2528,172825906,170,High,Major,50,37,90,0,0,12,5,False
1,2688,171788484,122,Medium,Minor,55,46,64,0,0,17,10,False
1,12382,1714490998,122,Medium,Major,86,97,80,36,0,9,6,True
3,2107,170732845,130,Medium,Minor,72,18,46,7,0,28,8,False
1,430,170709584,136,Medium,Minor,73,65,91,4,0,48,18,False
2,1338,170413877,158,Medium,Major,84,33,36,2,0,39,59,False
2,12854,1699402402,91,Low,Minor,70,76,72,22,0,27,4,True
2,22923,1695712020,171,High,Major,55,10,85,7,0,8,20,True
1,8528,1692897992,114,Medium,Minor,75,74,77,1,0,9,10,True
1,49991,1690192927,117,Medium,Major,52,73,91,0,0,11,7,True
1,21081,1687664027,112,Medium,Major,92,67,66,0,0,36,9,True
1,1054,168684524,101,Low,Major,90,76,81,15,24,33,6,False
1,340,168448603,132,Medium,Minor,59,56,82,12,0,12,6,False
1,925,167076418,94,Low,Major,42,47,36,76,0,9,5,False
1,134,166570053,120,Medium,Major,56,20,43,89,0,12,4,False
1,2420,1661187319,145,Medium,Major,60,43,27,94,0,14,4,True
1,2040,165584767,116,Medium,Major,90,96,73,62,0,9,4,False
1,6060,165484133,116,Medium,Major,82,40,66,39,51,25,7,False
1,514,164856284,154,Medium,Minor,70,97,62,47,0,10,4,False
1,2483,1647990401,134,Medium,Minor,59,51,52,9,0,15,7,True
2,928,164163229,96,Low,Major,61,32,90,25,0,10,9,False
1,21106,1641426668,109,Low,Major,63,46,85,1,0,9,5,True
1,1484,163284000,114,Medium,Minor,46,60,28,91,0,21,4,False
2,432,162887075,96,Low,Major,93,47,47,33,0,10,36,False
1,25065,1624165576,105,Low,Minor,55,40,90,1,0,32,6,True
2,681,161460990,132,Medium,Major,85,53,68,40,0,9,4,False
2,896,160845341,77,Low,Major,81,68,58,83,0,11,34,False
1,30992,1608164312,146,Medium,Major,56,21,44,73,0,11,2,True
1,8327,1608045237,112,Medium,Major,45,19,60,63,0,9,6,True
1,17492,1606986953,82,Low,Major,68,50,49,56,0,8,4,True
3,21097,1605224506,116,Medium,Major,80,92,80,4,0,10,3,True
1,525,16011326,128,Medium,Minor,86,42,72,59,0,9,19,False
1,710,160035717,140,Medium,Minor,84,61,42,31,0,9,9,False
1,22439,1593270737,117,Medium,Major,82,73,45,54,0,7,3,True
1,33898,1592909789,138,Medium,Minor,49,42,62,9,0,11,3,True
4,836,159240673,102,Low,Major,84,43,75,5,0,6,8,False
1,12688,1591223784,118,Medium,Major,68,61,82,2,0,50,3,True
2,265,158950978,145,Medium,Minor,76,80,81,19,0,6,9,False
1,1264,157990698,95,Low,Minor,69,90,91,6,0,35,4,False
2,15867,1575467011,111,Medium,Major,77,74,66,30,0,13,3,True
1,584,157136970,110,Low,Minor,81,61,93,49,0,12,11,False
1,1446,157058870,98,Low,Major,71,67,60,19,0,12,3,False
1,2575,156898322,87,Low,Major,52,32,83,24,0,17,43,False
1,162,156777415,140,Medium,Major,58,26,38,91,0,10,4,False
1,1966,156658366,90,Low,Minor,73,31,45,85,24,11,3,False
2,5184,156338624,133,Medium,Major,70,86,81,25,0,25,5,False
1,1225,156338624,133,Medium,Major,66,74,84,25,0,21,4,False
1,542,156214700,110,Low,Minor,81,64,79,5,0,31,3,False
1,565,155795783,97,Low,Major,78,31,72,1,0,11,4,False
2,1420,155653938,78,Low,Major,67,22,59,76,1,15,16,False
1,12755,1555511105,126,Medium,Minor,81,59,90,5,0,36,3,True
1,41231,1553497987,125,Medium,Major,45,67,90,9,11,10,5,True
2,1545,154863153,131,Medium,Minor,91,23,55,1,0,7,32,False
2,802,154797871,120,Medium,Major,72,54,71,26,0,10,4,False
1,2020,154356956,145,Medium,Major,66,24,58,17,0,19,5,False
1,601,154119539,135,Medium,Minor,89,89,86,16,0,8,5,False
1,984,153454328,154,Medium,Major,59,63,89,18,0,80,9,False
1,1133,153372011,107,Low,Minor,92,55,70,18,0,15,7,False
2,1729,153240879,104,Low,Minor,80,24,65,2,0,9,4,False
2,415,152850295,100,Low,Major,79,60,68,7,0,26,4,False
1,1992,150500965,158,Medium,Major,83,41,65,0,10,11,8,False
2,1529,149778242,95,Low,Major,64,30,77,46,0,38,6,False
1,811,148469433,142,Medium,Major,61,92,91,0,0,26,3,False
1,920,148461629,140,Medium,Minor,70,26,76,8,0,54,23,False
1,1622,1481349984,144,Medium,Major,73,87,70,6,0,28,5,True
2,14143,1479264469,110,Low,Major,74,51,74,2,0,29,4,True
1,44927,1479115056,84,Low,Minor,57,86,90,2,0,9,5,True
1,410,14780425,140,Medium,Major,56,48,73,0,0,35,4,False
1,1283,147538971,107,Low,Minor,66,47,40,72,0,11,3,False
2,356,147290338,182,High,Major,57,80,59,8,0,6,5,False
1,35684,1472799873,105,Low,Major,73,52,76,13,0,5,3,True
2,1430,146789379,134,Medium,Major,53,31,31,92,0,28,3,False
3,1208,146409671,94,Low,Major,82,53,67,34,0,9,8,False
1,686,146363130,108,Low,Major,71,55,44,74,0,11,6,False
3,869,146223492,138,Medium,Major,80,82,81,14,0,13,36,False
2,42798,1457139296,129,Medium,Major,86,75,52,54,0,10,4,False
1,17354,1456081449,126,Medium,Major,53,66,85,2,0,24,4,False
1,845,145458418,108,Low,Major,67,55,67,60,0,80,5,False
1,11087,1449799467,134,Medium,Major,45,17,60,21,0,33,4,False
1,25653,1449779435,150,Medium,Major,34,33,63,16,0,7,4,False
3,14140,1445941661,90,Low,Major,63,49,68,38,0,42,18,False
1,1553,144584800,92,Low,Major,57,68,76,7,0,33,3,False
2,2175,144565150,143,Medium,Major,83,69,44,15,0,10,33,False
2,8870,1440757818,92,Low,Minor,91,43,71,9,0,9,8,False
1,13454,1439191367,99,Low,Major,68,57,77,2,0,10,5,False
1,356,143573775,166,High,Major,57,84,94,11,0,37,9,False
2,6398,1435127549,176,High,Major,75,43,65,15,0,11,32,False
2,352,143139338,154,Medium,Minor,79,86,52,66,0,9,7,False
1,20763,1424589568,104,Low,Minor,95,78,66,3,0,4,6,False
3,561,142095275,192,High,Major,50,85,52,11,0,28,6,False
2,1794,141720999,104,Low,Major,73,25,61,1,0,32,7,False
2,553,141381703,125,Medium,Major,80,89,83,31,0,8,4,False
1,18515,1410088830,174,High,Major,45,10,37,97,25,64,4,False
1,10195,1406111294,142,Medium,Major,60,13,37,58,0,13,3,False
2,668,140430339,125,Medium,Minor,49,13,74,0,0,9,4,False
6,130,140187018,116,Medium,Minor,77,65,80,6,0,15,4,False
1,1397,140003974,138,Medium,Major,51,32,53,17,0,31,6,False
2,86,139836056,94,Low,Major,59,44,56,80,0,6,3,False
1,526,139681964,120,Medium,Major,77,94,66,65,0,38,3,False
1,315,139193812,119,Medium,Minor,87,28,50,12,0,10,10,False
2,967,138517666,154,Medium,Major,63,75,92,31,0,91,5,False
2,896,138334433,92,Low,Major,83,56,82,10,0,9,5,False
1,5897,1374581173,150,Medium,Minor,65,51,55,73,0,14,3,False
1,158,137123880,134,Medium,Major,70,35,41,41,0,10,3,False
1,1517,137070925,118,Medium,Major,42,32,20,94,0,11,4,False
1,608,136996305,100,Low,Major,87,46,60,1,0,13,16,False
1,8559,1367810478,134,Medium,Minor,71,59,80,13,0,36,5,False
2,313,136689549,100,Low,Minor,70,92,59,3,0,10,3,False
4,2313,136676504,120,Medium,Major,88,15,56,1,0,8,6,False
6,138,1365184,105,Low,Major,82,62,74,10,0,33,7,False
1,20111,1361425037,110,Low,Major,50,24,86,0,0,64,4,False
2,10624,1357608774,80,Low,Major,63,40,61,9,0,56,6,False
2,2209,135723538,114,Medium,Major,59,60,94,24,0,10,4,False
2,8506,1356565093,128,Medium,Major,62,55,78,1,3,23,4,False
1,353,135611421,155,Medium,Major,49,42,77,3,0,12,9,False
1,11434,1355959075,96,Low,Major,75,57,68,9,0,13,6,False
1,290,135444283,200,High,Minor,39,28,77,4,0,6,29,False
2,1175,135079152,123,Medium,Major,52,44,60,40,0,26,3,False
1,531,134294498,135,Medium,Major,81,97,77,75,0,35,3,False
1,2098,134255790,122,Medium,Major,64,25,89,0,0,15,9,False
3,1320,133895612,97,Low,Major,82,67,77,8,0,12,5,False
5,577,133753727,74,Low,Minor,53,24,67,11,0,10,28,False
1,1474,133716286,92,Low,Major,71,61,74,7,0,10,4,False
1,9424,1329090101,108,Low,Minor,82,88,76,9,0,12,9,False
1,1492,132171975,144,Medium,Major,47,7,50,32,0,7,4,False
1,767,131746175,183,High,Minor,44,44,67,7,0,12,13,False
1,12211,1316855716,118,Medium,Major,71,65,68,6,0,3,7,False
1,14114,1309887447,130,Medium,Major,76,44,77,1,0,13,3,False
2,9539,1304313953,176,High,Major,61,24,62,60,0,24,31,False
2,832,130419412,140,Medium,Minor,44,41,92,0,0,44,7,False
1,10147,1302184087,141,Medium,Major,79,82,86,28,0,4,9,False
1,6170,1301799902,92,Low,Major,47,25,43,62,0,32,3,False
1,12859,1297026226,135,Medium,Minor,48,44,42,12,2,11,3,False
3,685,129314708,130,Medium,Minor,71,78,40,46,0,7,45,False
1,13101,1284942608,156,Medium,Minor,32,49,72,0,0,9,4,False
2,17138,1279434863,130,Medium,Major,47,86,92,8,0,5,24,False
1,2000,127567540,100,Low,Minor,49,17,35,71,9,11,3,False
1,2988,127408954,110,Low,Minor,67,78,85,2,0,33,5,False
2,3107,127309180,153,Medium,Minor,55,50,78,19,0,11,35,False
1,36724,1271293243,92,Low,Major,53,12,34,1,0,12,4,False
1,3299,127027715,107,Low,Minor,69,96,36,81,0,8,4,False
2,291,127026613,133,Medium,Minor,78,90,84,31,0,7,4,False
1,23389,1267333350,92,Low,Major,70,81,63,4,0,8,4,False
1,226,126443991,84,Low,Minor,71,63,45,45,0,11,3,False
1,9037,1264310836,107,Low,Minor,65,19,72,10,0,13,25,False
1,2729,126191104,134,Medium,Major,78,51,43,69,0,14,9,False
1,9644,1260594497,180,High,Major,64,44,65,28,0,14,12,False
1,604,125917280,140,Medium,Minor,66,43,76,49,0,12,3,False
1,7545,1256880657,181,High,Major,44,22,60,61,0,42,9,False
1,8207,1252563873,144,Medium,Major,73,66,80,44,0,9,12,False
1,1838,124988687,170,High,Minor,56,56,63,13,0,19,27,False
1,788,124407432,110,Low,Major,63,31,35,93,0,29,3,False
1,12985,1241559043,84,Low,Minor,62,24,67,21,0,13,28,False
2,36843,1235005533,128,Medium,Major,73,60,77,3,0,11,4,False
4,3113,123473120,126,Medium,Major,81,90,73,28,0,29,4,False
2,3028,123216717,140,Medium,Minor,92,78,57,46,0,14,9,False
1,366,123132751,122,Medium,Minor,68,38,88,1,0,8,5,False
1,955,123124076,144,Medium,Major,75,35,48,84,0,10,12,False
8,1150,123122413,120,Medium,Major,81,63,68,11,0,11,4,False
2,5257,1230855859,176,High,Major,29,12,33,68,0,12,5,False
2,8576,1230675890,131,Medium,Major,71,24,47,1,0,27,9,False
1,482,122763672,135,Medium,Major,92,73,51,55,0,15,6,False
4,6180,1223481149,77,Low,Minor,72,59,76,24,0,42,28,False
3,824,1223481149,77,Low,Major,73,54,74,23,0,41,23,False
2,9161,1221813483,118,Medium,Major,65,63,79,3,0,10,3,False
1,1888,121913181,71,Low,Minor,28,26,20,19,0,30,3,False
1,1180,121871870,166,High,Major,42,7,24,83,1,12,6,False
1,13985,1217120710,140,Medium,Major,52,20,85,0,0,7,5,False
1,6804,1214083358,125,Medium,Minor,84,85,68,58,0,22,4,False
3,945,121189256,90,Low,Major,85,80,83,10,0,8,11,False
2,1657,121077868,96,Low,Major,71,37,52,62,0,11,36,False
2,33966,1210599487,93,Low,Major,81,53,78,18,0,6,24,False
3,658,120972253,90,Low,Minor,68,83,71,3,0,31,8,False
6,918,120847157,105,Low,Minor,91,73,72,13,0,9,15,False
1,41751,1205951614,112,Medium,Major,64,54,81,36,0,11,6,False
1,30427,1202722675,90,Low,Minor,90,79,71,26,0,7,37,False
1,3659,1200808494,146,Medium,Minor,59,23,46,66,0,15,6,False
2,293,11956641,133,Medium,Minor,93,68,65,42,0,12,25,False
1,1915,119238316,121,Medium,Minor,80,62,51,2,0,9,8,False
1,244,118810253,85,Low,Major,70,83,84,31,0,47,30,False
1,674,118482347,93,Low,Major,62,57,59,3,0,38,3,False
3,273,118381354,92,Low,Major,86,91,79,29,0,60,16,False
2,6955,1180896317,166,High,Minor,81,83,75,14,0,29,34,False
1,6638,1180094974,124,Medium,Major,64,8,37,79,0,9,5,False
1,1730,117747907,98,Low,Major,44,36,41,50,0,38,5,False
1,1235,117206995,87,Low,Minor,65,71,56,4,0,15,20,False
1,2297,116903579,123,Medium,Minor,74,35,73,0,0,21,5,False
1,11975,1168642797,128,Medium,Minor,81,57,63,40,1,10,4,False
1,5866,1167330737,154,Medium,Major,61,41,74,21,0,40,6,False
2,615,116599790,94,Low,Minor,68,81,82,53,0,9,13,False
1,14739,1163620694,108,Low,Minor,61,47,68,0,0,13,3,False
2,320,116334601,142,Medium,Minor,70,76,79,26,0,11,7,False
1,8109,1163093654,89,Low,Major,64,43,73,5,17,16,4,False
4,1003,116144341,130,Medium,Minor,89,48,74,30,0,7,36,False
3,437,11599388,97,Low,Major,79,92,89,5,0,6,5,False
1,22153,1159176109,107,Low,Minor,74,88,65,28,0,46,3,False
3,1945,115364561,99,Low,Major,85,83,68,7,0,36,20,False
1,1584,115331792,150,Medium,Minor,70,26,56,14,83,11,5,False
2,1305,115010040,91,Low,Major,82,47,62,10,0,10,15,False
1,15890,1145727611,116,Medium,Major,74,76,70,7,0,13,3,False
1,327,114546317,117,Medium,Major,63,29,51,43,0,25,4,False
1,4779,1143647827,110,Low,Major,79,70,36,0,0,6,11,False
1,7191,1138474110,150,Medium,Minor,78,47,70,18,0,15,9,False
2,1197,113509496,155,Medium,Major,82,51,39,2,0,9,49,False
2,6135,1133865788,80,Low,Minor,65,27,69,8,0,53,4,False
1,7124,1131090940,120,Medium,Major,67,40,52,86,0,12,4,False
1,9771,1127468248,85,Low,Major,59,33,52,7,15,12,3,False
2,1007,112436403,144,Medium,Major,93,62,61,0,0,12,20,False
1,10211,1122364376,89,Low,Major,52,28,48,54,1,19,3,False
2,731,111947664,130,Medium,Major,86,59,96,50,1,9,5,False
1,3423,1116995633,117,Medium,Major,61,45,69,2,0,9,3,False
3,14417,1115880852,148,Medium,Major,59,72,62,18,0,9,3,False
1,21335,1113838873,160,Medium,Major,65,95,80,5,0,41,16,False
2,12482,1109433169,128,Medium,Minor,56,38,97,4,0,35,4,False
1,1127,110849052,65,Low,Minor,71,55,26,85,0,13,8,False
2,880,110649992,112,Medium,Major,80,15,54,9,0,38,5,False
2,1634,110073250,125,Medium,Major,62,59,43,84,3,11,5,False
2,26792,1093605526,144,Medium,Minor,74,37,53,7,0,21,10,False
4,1051,109276132,140,Medium,Major,63,22,54,46,0,12,8,False
2,1550,109091573,81,Low,Major,77,68,70,6,0,17,20,False
1,20015,1089402494,172,High,Major,45,33,59,6,0,8,3,False
1,2035,108809090,88,Low,Minor,56,58,55,35,0,23,11,False
1,8431,1085685420,140,Medium,Major,71,82,81,11,0,6,5,False
3,1298,107753850,106,Low,Minor,72,17,64,7,0,10,5,False
1,359,107642809,125,Medium,Minor,71,83,89,1,0,17,9,False
3,2096,107255472,147,Medium,Minor,47,50,80,10,0,32,38,False
2,1370,106933107,88,Low,Major,89,59,64,5,0,19,7,False
2,1351,106919680,150,Medium,Minor,82,82,66,13,0,11,6,False
2,4260,1065580332,120,Medium,Minor,65,80,86,9,0,19,10,False
1,7109,1062956628,146,Medium,Minor,52,7,61,51,0,11,3,False
2,1060,106249219,120,Medium,Major,64,11,53,1,0,25,27,False
1,14311,1062345656,120,Medium,Minor,80,24,62,41,2,11,23,False
2,6127,1061966512,105,Low,Major,58,42,68,1,0,14,4,False
1,8476,1056760045,65,Low,Major,31,31,24,76,0,14,4,False
3,1190,105062254,137,Medium,Minor,84,44,67,8,0,11,6,False
2,1444,104992946,148,Medium,Major,90,74,68,14,0,10,19,False
1,4004,1047480053,98,Low,Minor,80,23,48,14,0,6,5,False
3,13387,1047101291,79,Low,Major,56,58,56,37,0,11,10,False
1,6672,1042568408,130,Medium,Major,66,19,61,30,0,9,7,False
3,1890,103787664,115,Medium,Major,70,84,90,17,0,41,6,False
1,472,103762518,144,Medium,Major,74,75,73,42,0,9,4,False
1,21811,1024858327,108,Low,Minor,63,20,55,72,0,6,6,False
1,7556,1023187129,110,Low,Major,57,6,27,84,0,9,3,False
1,3600,1022258230,140,Medium,Minor,75,18,25,78,0,11,26,False
1,1116,101780047,166,High,Major,70,22,61,2,0,10,34,False
1,1292,101114984,87,Low,Minor,49,49,59,44,0,35,21,False
1,7215,1007612429,122,Medium,Major,70,42,54,30,0,37,5,False
2,654,100409613,124,Medium,Minor,72,79,78,55,0,15,30,False
